Sample;MAV;RMS;IEMG;ZC;PP
CH1;0.0370766249369966;0.057235236690819;379.664639354845;1632;1.23125842970087
CH2;0.0446490750982828;0.0707442401688686;457.206529006416;1584;1.4302260984553
CH3;0.0535952431262531;0.0895036597280734;548.815289612832;1484;1.80004920719373
CH4;0.0580234309719808;0.0931741922586481;594.159933153083;1565;1.82884328755104
CH7;0.0379002361752867;0.0550176176694519;388.098418434936;1491;1.17518509825341
CH19;0.0244769182693412;0.0350976072175514;250.643643078054;1878;0.583609651923852
