Sample;MAV;RMS;IEMG;ZC;PP
Gesture1;0.00992487800635392;0.0125499476914046;101.630750785064;1267;0.102273762026788
Gesture2;0.00949533072194003;0.0119875106352829;97.2321865926659;1350;0.102408831770822
Gesture14;0.0116379756594554;0.0149081281765298;119.172870752824;1142;0.131536808914946
