Sample;FR;MAV;RMS;IEMG;ZC;PP
CH1;0.00308925121327027;1.59283811861814;0.00388977728080682;31.6339324238875;1222;0.03334800413697
CH2;0.00141201976327445;0.583132009751582;0.00177340885064428;14.4590823759304;1802;0.0148604144034388
CH3;0.00177965240849103;0.837664243404248;0.00231507706285075;18.2236406629481;1502;0.0423786622353263
CH4;0.00259976826965384;1.47764775206805;0.00329585750571988;26.6216270812553;1245;0.0306241030062999
